{"stat.chestOpened":1,"stat.flyOneCm":379650,"stat.walkOneCm":93488,"stat.pickup.minecraft.wheat_seeds":2,"stat.jump":468,"stat.useItem.carryon.tile_item":13,"stat.playOneMinute":76002,"stat.climbOneCm":323,"stat.leaveGame":1,"stat.sneakTime":2220,"stat.damageDealt":30,"stat.crouchOneCm":2882,"stat.timeSinceDeath":76002,"stat.pickup.minecraft.sapling":6,"stat.sprintOneCm":47473,"stat.useItem.minecraft.stone_slab2":493,"stat.pickup.minecraft.apple":2,"stat.talkedToVillager":4,"stat.useItem.minecraft.water_bucket":1,"stat.useItem.carryon.entity_item":7}