{"stat.chestOpened":1,"stat.walkOneCm":117836,"stat.useItem.carryon.tile_item":26,"stat.leaveGame":2,"stat.damageTaken":320,"stat.talkedToVillager":4,"stat.useItem.carryon.entity_item":7,"stat.flyOneCm":385484,"stat.deaths":1,"stat.pickup.minecraft.wheat_seeds":2,"stat.jump":577,"stat.playOneMinute":82631,"stat.climbOneCm":323,"stat.fallOneCm":6448,"stat.sneakTime":2936,"stat.damageDealt":30,"stat.crouchOneCm":4733,"stat.timeSinceDeath":2568,"stat.pickup.minecraft.sapling":6,"stat.pickup.minecraft.dirt":15,"stat.useItem.minecraft.dirt":4,"stat.sprintOneCm":59703,"stat.mineBlock.minecraft.dirt":15,"stat.useItem.minecraft.stone_slab2":499,"stat.pickup.minecraft.apple":2,"stat.mineBlock.minecraft.tallgrass":1,"stat.useItem.minecraft.water_bucket":1}