{"stat.chestOpened":1,"stat.walkOneCm":127786,"stat.leaveGame":4,"stat.talkedToVillager":4,"stat.jump":627,"stat.climbOneCm":323,"stat.fallOneCm":8793,"stat.crouchOneCm":4838,"stat.pickup.minecraft.sapling":6,"stat.pickup.minecraft.dirt":15,"stat.useItem.minecraft.dirt":4,"stat.sprintOneCm":66713,"stat.useItem.minecraft.stone_slab2":499,"stat.pickup.minecraft.apple":2,"stat.useItem.minecraft.water_bucket":1,"stat.useItem.carryon.tile_item":26,"stat.damageTaken":430,"stat.useItem.carryon.entity_item":7,"stat.flyOneCm":396894,"stat.deaths":1,"stat.pickup.minecraft.wheat_seeds":2,"stat.playOneMinute":85305,"stat.sneakTime":2957,"stat.damageDealt":30,"stat.timeSinceDeath":5242,"stat.mineBlock.minecraft.dirt":15,"stat.mineBlock.minecraft.tallgrass":1}