{"stat.chestOpened":1,"stat.flyOneCm":349947,"stat.walkOneCm":83001,"stat.pickup.minecraft.wheat_seeds":2,"stat.jump":375,"stat.useItem.carryon.tile_item":13,"stat.playOneMinute":70959,"stat.climbOneCm":323,"stat.sneakTime":1743,"stat.damageDealt":30,"stat.crouchOneCm":996,"stat.timeSinceDeath":70959,"stat.pickup.minecraft.sapling":6,"stat.sprintOneCm":37305,"stat.useItem.minecraft.stone_slab2":474,"stat.pickup.minecraft.apple":2,"stat.talkedToVillager":3,"stat.useItem.minecraft.water_bucket":1,"stat.useItem.carryon.entity_item":7}