{
  "betteranimalsplus:root": {
    "criteria": {
      "tick": "2024-07-05 15:31:16 +0000"
    },
    "done": true
  },
  "tombstone:tutorial/root": {
    "criteria": {
      "auto": "2024-07-05 15:31:16 +0000"
    },
    "done": true
  },
  "ancientbeasts:root": {
    "criteria": {
      "tick": "2024-07-05 15:31:16 +0000"
    },
    "done": true
  },
  "mowziesmobs:root": {
    "criteria": {
      "custom_test_name": "2024-07-05 15:31:16 +0000"
    },
    "done": true
  },
  "cfm:root": {
    "criteria": {
      "tick": "2024-07-05 15:31:16 +0000"
    },
    "done": true
  },
  "farlanders:root": {
    "criteria": {
      "attack": "2024-07-05 15:33:05 +0000"
    },
    "done": true
  },
  "cfm:install": {
    "criteria": {
      "tick": "2024-07-05 15:31:16 +0000"
    },
    "done": true
  },
  "minecraft:adventure/adventuring_time": {
    "criteria": {
      "beaches": "2024-07-05 15:33:43 +0000",
      "forest_hills": "2024-07-05 15:33:46 +0000",
      "plains": "2024-07-05 15:31:16 +0000",
      "extreme_hills": "2024-07-05 15:32:17 +0000",
      "river": "2024-07-05 15:33:42 +0000"
    },
    "done": false
  }
}